{
  "$schema": "https://developer.microsoft.com/json-schemas/spfx-build/package-solution.schema.json",
  "solution": {
    "name": "skill-factory-client-side-solution",
    "id": "c01e4a4f-0a77-403b-95b4-e364571c7b18",
    "version": "2.0.0.0",
    "includeClientSideAssets": true,
    "skipFeatureDeployment": true,
    "isDomainIsolated": false,
    "developer": {
      "name": "",
      "websiteUrl": "",
      "privacyUrl": "",
      "termsOfUseUrl": "",
      "mpnId": "Undefined-1.15.0"
    },
    "metadata": {
      "shortDescription": {
        "default": "skill-factory description"
      },
      "longDescription": {
        "default": "skill-factory description"
      },
      "screenshotPaths": [],
      "videoUrl": "",
      "categories": []
    },
    "features": [
      {
        "title": "skill-factory Feature",
        "description": "The feature that activates elements of the skill-factory solution.",
        "id": "681faee7-caa4-4b6e-95d9-7fed38dc86b6",
        "version": "1.0.0.0"
      }
    ]
  },
  "paths": {
    "zippedPackage": "solution/skill-factory.sppkg"
  }
}
