<?xml version="1.0" encoding="utf-8"?><App xmlns="http://schemas.microsoft.com/sharepoint/2012/app/manifest" Name="skill-factory-client-side-solution" ProductID="c01e4a4f-0a77-403b-95b4-e364571c7b18" Version="2.0.0.0" SharePointMinVersion="16.0.0.0" IsClientSideSolution="true" SkipFeatureDeployment="true" IsDomainIsolated="false"><Properties><Title>skill-factory-client-side-solution</Title><DeveloperProperties>{&quot;name&quot;:&quot;&quot;,&quot;websiteUrl&quot;:&quot;&quot;,&quot;privacyUrl&quot;:&quot;&quot;,&quot;termsOfUseUrl&quot;:&quot;&quot;,&quot;mpnId&quot;:&quot;Undefined-1.15.0&quot;}</DeveloperProperties><ShortDescription><LocalizedString CultureName="default">skill-factory description</LocalizedString></ShortDescription><LongDescription><LocalizedString CultureName="default">skill-factory description</LocalizedString></LongDescription><Screenshots></Screenshots></Properties></App>