[
    {
        "course_title": "Introduction to Javascript wdwffwffqfgqgfafewgwgewgwgewggg",
        "course_duration": "10 Hours",
        "percentage": 50,
        "sources": "youtube"
    },
    {
        "course_title": "Introduction to React",
        "course_duration": "12 Hours",
        "percentage": 80,
        "sources": "youtube"
    },
    {
        "course_title": "Introduction to Angular",
        "course_duration": "8 Hours",
        "percentage": 70,
        "sources": "youtube"
    },
    {
        "course_title": "Introduction to Babel",
        "course_duration": "2 Hours",
        "percentage": 90,
        "sources": "youtube"
    },
    {
        "course_title": "CSS Advance",
        "course_duration": "20 Hours",
        "percentage": 10,
        "sources": "youtube"
    },
    {
        "course_title": "React L1",
        "course_duration": "20 Hours",
        "percentage": 10,
        "sources": "youtube"
    },
    {
        "course_title": "React L2",
        "course_duration": "22 Hours",
        "percentage": 25,
        "sources": "youtube"
    },
    {
        "course_title": "OTT Introduction",
        "course_duration": "25 Hours",
        "percentage": 45,
        "sources": "youtube"
    },
    {
        "course_title": "Vedio Delivery",
        "course_duration": "12 Hours",
        "percentage": 40,
        "sources": "youtube"
    },
    {
        "course_title": "Common Coding Implementaion",
        "course_duration": "12 Hours",
        "percentage": 40,
        "sources": "youtube"
    }
]